Book Id,Title,Author,Author l-f,Additional Authors,ISBN,ISBN13,My Rating,Average Rating,Publisher,Binding,Number of Pages,Year Published,Original Publication Year,Date Read,Date Added,Bookshelves,Bookshelves with positions,Exclusive Shelf,My Review,Spoiler,Private Notes,Read Count,Owned Copies
61089453,Four Battlegrounds: Power in the Age of Artificial Intelligence,Paul Scharre,"Scharre, Paul",,"=""0393866866""","=""9780393866865""",0,3.79,W. W. Norton & Company,Hardcover,496,2023,2023,,2023/12/17,to-read,to-read (#126),to-read,,,,0,0
60465407,Shubeik Lubeik,Deena Mohamed,"Mohamed, Deena",,"=""1524748420""","=""9781524748425""",0,4.53,Pantheon Books,Unknown Binding,0,2022,2023,,2023/12/13,to-read,to-read (#125),to-read,,,,0,0
62802771,Loot,Tania James,"James, Tania",,"=""0593535979""","=""9780593535974""",0,3.83,Knopf,Hardcover,304,2023,2023,,2023/12/13,to-read,to-read (#124),to-read,,,,0,0
32895535,Why Buddhism Is True: The Science and Philosophy of Meditation and Enlightenment,Robert Wright,"Wright, Robert",Fred Sanders,"=""1508235406""","=""9781508235408""",0,4.01,Simon & Schuster Audio,Audiobook,11,2017,2017,,2023/11/10,to-read,to-read (#123),to-read,,,,0,0
35209767,How to Break Up with Your Phone: The 30-Day Plan to Take Back Your Life,Catherine Price,"Price, Catherine",,"=""039958112X""","=""9780399581120""",0,3.92,Ten Speed Press,Paperback,184,2018,2018,,2023/11/02,to-read,to-read (#122),to-read,,,,0,0
6617037,"Debt: The First 5,000 Years",David Graeber,"Graeber, David",,"=""1933633867""","=""9781933633862""",0,4.21,Melville House,Hardcover,534,2011,2011,,2023/10/27,to-read,to-read (#121),to-read,,,,0,0
22245334,"The Utopia of Rules: On Technology, Stupidity, and the Secret Joys of Bureaucracy",David Graeber,"Graeber, David",,"=""1612193749""","=""9781612193748""",0,4.01,Melville House,Hardcover,261,2015,2013,,2023/10/27,to-read,to-read (#120),to-read,,,,0,0
55338982,Cultish: The Language of Fanaticism,Amanda Montell,"Montell, Amanda",,"=""0062993151""","=""9780062993151""",5,3.90,Harper,Hardcover,309,2021,2021,2023/01/22,2023/01/19,,,read,,,,1,0
23624994,Psychology of Crowds,Gustave Le Bon,"Bon, Gustave Le",,"=""""","=""""",3,3.83,Sparkling Books Limited,Kindle Edition,219,2009,1895,2023/10/22,2023/10/22,,,read,,,,1,0
40653191,Period Power: Harness Your Hormones and Get Your Cycle Working For You,Maisie Hill,"Hill, Maisie",,"=""147296361X""","=""9781472963611""",0,4.08,Green Tree,Paperback,352,2019,2019,,2023/10/20,to-read,to-read (#119),to-read,,,,0,0
62315554,The Power of One: How I Found the Strength to Tell the Truth and Why I Blew the Whistle on Facebook,Frances Haugen,"Haugen, Frances",,"=""1668623463""","=""9781668623466""",0,3.72,"Little, Brown  Company",Audiobook,17,2023,,,2023/10/20,to-read,to-read (#118),to-read,,,,0,0
39330937,The Laws of Human Nature,Robert Greene,"Greene, Robert",,"=""0698184548""","=""9780698184541""",5,4.37,Penguin Books,Kindle Edition,624,2018,2018,2023/10/17,2023/10/03,,,read,,,,1,0
118824,Walt Disney: The Triumph of the American Imagination,Neal Gabler,"Gabler, Neal",,"=""067943822X""","=""9780679438229""",0,4.05,Alfred A. Knopf,Hardcover,851,2006,2006,,2023/10/13,to-read,to-read (#117),to-read,,,,0,0
50607466,"The Henna Artist (The Jaipur Trilogy, #1)",Alka Joshi,"Joshi, Alka",,"=""0778310205""","=""9780778310204""",0,4.19,Mira Books,Paperback,384,2020,2020,,2023/10/13,to-read,to-read (#116),to-read,,,,0,0
59357120,Yellowface,R.F. Kuang,"Kuang, R.F.",,"=""000853277X""","=""9780008532772""",0,3.87,The Borough Press,Hardcover,329,2023,2023,,2023/10/13,to-read,to-read (#115),to-read,,,,0,0
49814228,"The Biggest Bluff: How I Learned to Pay Attention, Master Myself, and Win",Maria Konnikova,"Konnikova, Maria",,"=""052552262X""","=""9780525522621""",0,4.08,Penguin Press,Hardcover,368,2020,2020,,2023/10/13,to-read,to-read (#114),to-read,,,,0,0
26195941,The Age of Surveillance Capitalism: The Fight for a Human Future at the New Frontier of Power,Shoshana Zuboff,"Zuboff, Shoshana",,"=""1610395697""","=""9781610395694""",0,4.06,PublicAffairs,Hardcover,691,2019,2018,,2023/10/11,to-read,to-read (#113),to-read,,,,0,0
12605157,"The $100 Startup: Reinvent the Way You Make a Living, Do What You Love, and Create a New Future",Chris Guillebeau,"Guillebeau, Chris",,"=""0307951529""","=""9780307951526""",0,3.88,Crown Currency,Hardcover,268,2012,2012,,2023/09/16,to-read,to-read (#112),to-read,,,,0,0
38942589,"Feel Better Fast and Make It Last: Unlock Your Brain’s Healing Potential to Overcome Negativity, Anxiety, Anger, Stress, and Trauma",Daniel G. Amen,"Amen, Daniel G.",,"=""1496425650""","=""9781496425652""",0,4.23,Tyndale Refresh,Hardcover,384,2018,,,2023/09/16,to-read,to-read (#111),to-read,,,,0,0
34570019,"Memory Rescue: Supercharge Your Brain, Reverse Memory Loss, and Remember What Matters Most",Daniel G. Amen,"Amen, Daniel G.",,"=""149642560X""","=""9781496425607""",0,4.03,Tyndale Refresh,Hardcover,448,2017,2017,,2023/09/16,to-read,to-read (#110),to-read,,,,0,0
18693771,"The Body Keeps the Score: Brain, Mind, and Body in the Healing of Trauma",Bessel van der Kolk,"Kolk, Bessel van der",,"=""0670785938""","=""9780670785933""",5,4.41,Viking,Hardcover,464,2014,2014,2023/09/16,2023/01/23,,,read,,,,1,0
60965426,The Creative Act: A Way of Being,Rick Rubin,"Rubin, Rick",,"=""0593652886""","=""9780593652886""",0,4.12,Penguin Press,Hardcover,406,2023,2023,,2023/08/18,to-read,to-read (#109),to-read,,,,0,0
45892228,"Crave (Crave, #1)",Tracy Wolff,"Wolff, Tracy",,"=""1640638954""","=""9781640638952""",0,3.80,Entangled: Teen,Hardcover,592,2020,2020,,2023/08/18,to-read,to-read (#108),to-read,,,,0,0
37424706,The Art of Gathering: How We Meet and Why It Matters,Priya Parker,"Parker, Priya",,"=""1594634920""","=""9781594634925""",4,3.99,Riverhead Books,Hardcover,304,2018,2018,2023/07/23,2023/01/26,,,read,,,,1,0
36465763,Human + Machine: Reimagining Work in the Age of AI,Paul R. Daugherty,"Daugherty, Paul R.",H. James Wilson,"=""1633693872""","=""9781633693876""",0,3.66,Harvard Business Review Press,Kindle Edition,246,2018,,,2023/01/13,to-read,to-read (#80),to-read,,,,0,0
56377201,AI 2041: Ten Visions for Our Future,Kai-Fu Lee,"Lee, Kai-Fu",Chen Qiufan,"=""059323829X""","=""9780593238295""",5,3.87,Crown Currency,Hardcover,480,2021,2021,2023/07/16,2022/04/21,,,read,,,,1,0
49127387,Surrounded by Psychopaths: How to Protect Yourself from Being Manipulated and Exploited in Business (and in Life),Thomas Erikson,"Erikson, Thomas",,"=""1250763886""","=""9781250763884""",4,3.53,St. Martin's Essentials,Hardcover,272,2020,2017,2023/06/20,2023/06/19,,,read,,,,1,1
54680228,"We Are Bellingcat: Global Crime, Online Sleuths, and the Bold Future of News",Eliot Higgins,"Higgins, Eliot",,"=""1635577306""","=""9781635577303""",5,4.13,Bloomsbury Publishing,Hardcover,272,2021,2021,2023/06/19,2023/06/19,,,read,,,,1,0
60151185,The Pathless Path: Imagining a New Story For Work and Life,Paul  Millerd,"Millerd, Paul",,"=""""","=""9798985515343""",0,4.03,Paul Millerd,Kindle Edition,222,2022,2022,,2023/06/12,to-read,to-read (#107),to-read,,,,0,0
13589182,Mastery,Robert Greene,"Greene, Robert",,"=""0670024961""","=""9780670024964""",5,4.26,Viking,Hardcover,318,2012,2012,2023/05/18,2023/04/15,,,read,,,,1,0
384924,Waking the Tiger: Healing Trauma,Peter A. Levine,"Levine, Peter A.",Ann  Frederick,"=""155643233X""","=""9781556432330""",0,4.08,North Atlantic Books,Paperback,288,1997,1997,,2023/05/18,to-read,to-read (#106),to-read,,,,0,0
53182096,"Sex Robots and Vegan Meat: Adventures at the Frontier of Birth, Food, Sex and Death",Jenny Kleeman,"Kleeman, Jenny",,"=""1509894888""","=""9781509894888""",0,3.95,Picador,Hardcover,368,2020,2020,,2023/05/10,to-read,to-read (#105),to-read,,,,0,0
62322179,Never Search Alone: The Job Seeker’s Playbook,Phyl Terry,"Terry, Phyl",Marty Cagan,"=""""","=""""",0,4.24,,Kindle Edition,292,2022,,,2023/05/10,to-read,to-read (#104),to-read,,,,0,0
998,The Millionaire Next Door: The Surprising Secrets of America's Wealthy,Thomas J. Stanley,"Stanley, Thomas J.",William D. Danko,"=""0671015206""","=""9780671015206""",0,4.07,Gallery Books,Paperback,258,1998,1995,,2023/04/15,to-read,to-read (#103),to-read,,,,0,0
40591670,I Will Teach You to Be Rich: No Guilt. No Excuses. No BS. Just a 6-Week Program That Works,Ramit Sethi,"Sethi, Ramit",,"=""1523505745""","=""9781523505746""",0,4.17,Workman Publishing Company,Paperback,352,2019,2009,,2023/04/15,to-read,to-read (#102),to-read,,,,0,0
26514633,The Alchemist,Paulo Coelho,"Coelho, Paulo",,"=""0008144222""","=""9780008144227""",4,3.91,Harper Thorsons,Hardcover,226,2015,1988,,2021/01/05,,,read,,,,1,0
66933,The Wretched of the Earth,Frantz Fanon,"Fanon, Frantz","Homi K. Bhabha, Richard Philcox, Jean-Paul Sartre","=""0802141323""","=""9780802141323""",0,4.31,Grove Press,Paperback,251,2005,1961,,2023/04/12,to-read,to-read (#101),to-read,,,,0,0
52975386,How We Change (And Ten Reasons Why We Don't),Ross Ellenhorn,"Ellenhorn, Ross",,"=""0062961128""","=""9780062961129""",0,3.83,Harper Wave,ebook,400,2020,2020,,2023/04/11,to-read,to-read (#100),to-read,,,,0,0
294035,Frames Of Mind: The Theory Of Multiple Intelligences,Howard Gardner,"Gardner, Howard",,"=""0465025102""","=""9780465025107""",0,4.00,Basic Books,Paperback,496,1993,1983,,2023/03/26,to-read,to-read (#99),to-read,,,,0,0
18872437,The Millionaire Fastlane: Crack the Code to Wealth and Live Rich for a Lifetime!,M.J. DeMarco,"DeMarco, M.J.",,"=""0984358102""","=""9780984358106""",5,4.32,Viperion Publishing Corp,Paperback,322,2011,2010,2023/03/24,2023/03/18,,,read,,,,1,0
39995046,Ikigai: The Japanese Secret to a Long and Happy Life,Hector Garcia Puigcerver,"Puigcerver, Hector Garcia","Francesc Miralles, Walter Dixon","=""""","=""""",4,3.74,Gildan Media LLC,Audible Audio,,2017,2016,2023/03/13,2023/03/13,,,read,,,,1,0
41881472,The Psychology of Money,Morgan Housel,"Housel, Morgan",,"=""""","=""""",5,4.35,Harriman House,Paperback,252,2020,2020,2023/03/11,2023/03/11,,,read,,,,1,0
26156469,Never Split the Difference: Negotiating As If Your Life Depended On It,Chris Voss,"Voss, Chris",Tahl Raz,"=""0062407805""","=""9780062407801""",0,4.36,Harper Business,Hardcover,274,2016,2016,,2023/01/30,currently-reading,currently-reading (#9),currently-reading,,,,1,0
44286534,You Look Like a Thing and I Love You: How Artificial Intelligence Works and Why It's Making the World a Weirder Place,Janelle Shane,"Shane, Janelle",,"=""0316525243""","=""9780316525244""",5,4.17,Voracious,Hardcover,272,2019,2019,2023/03/04,2023/02/11,,,read,,,,1,0
43726517,Hello World: Being Human in the Age of Algorithms,Hannah Fry,"Fry, Hannah",,"=""0393357368""","=""9780393357363""",0,4.12,W. W. Norton & Company,Paperback,256,2019,2018,,2023/02/18,to-read,to-read (#98),to-read,,,,0,0
27887077,Stop Chasing Influencers: The True Path To Building Your Business and Living Your Dream,Kimanzi Constable,"Constable, Kimanzi",Jared  Easley,"=""""","=""""",2,3.56,Sound Wisdom,Kindle Edition,250,2015,,,2023/02/18,,,read,,,,1,0
41795733,Range: Why Generalists Triumph in a Specialized World,David   Epstein,"Epstein, David",,"=""0735214484""","=""9780735214484""",5,4.14,Riverhead Books,Hardcover,352,2019,2019,2023/02/18,2023/02/12,,,read,,,,1,0
48710241,Futureproof: 9 Rules for Humans in the Age of Automation,Kevin Roose,"Roose, Kevin",,"=""059313334X""","=""9780593133347""",0,3.99,Random House,Hardcover,256,2021,2021,,2023/02/12,to-read,to-read (#97),to-read,,,,0,0
35249663,Inspired: How to Create Tech Products Customers Love,Marty Cagan,"Cagan, Marty",,"=""1119387507""","=""9781119387503""",0,4.24,Wiley,Hardcover,349,2017,2008,,2023/02/11,to-read,to-read (#96),to-read,,,,0,0
22085568,The Culture Map: Breaking Through the Invisible Boundaries of Global Business,Erin Meyer,"Meyer, Erin",,"=""""","=""""",0,4.33,PublicAffairs,Kindle Edition,290,2014,2014,,2023/02/04,to-read,to-read (#95),to-read,,,,0,0
58536046,Why Has Nobody Told Me This Before?,Julie      Smith,"Smith, Julie",,"=""0063227932""","=""9780063227934""",5,3.90,HarperOne,Hardcover,368,2022,2022,2023/02/04,2023/01/22,,,read,,,,1,0
759945,The Magic of Thinking Big,David J. Schwartz,"Schwartz, David J.",,"=""0671646788""","=""9780671646783""",0,4.25,Touchstone,Paperback,238,1987,1959,,2023/02/03,to-read,to-read (#94),to-read,,,,0,0
326851,Rosalind Franklin: The Dark Lady of DNA,Brenda Maddox,"Maddox, Brenda",,"=""0060985089""","=""9780060985080""",0,4.12,Harper Perennial,Paperback,416,2003,2002,,2023/02/02,to-read,to-read (#93),to-read,,,,0,0
16123828,The Nature of Code,Daniel Shiffman,"Shiffman, Daniel",,"=""0985930802""","=""9780985930806""",0,4.57,The Nature of Code,Paperback,520,2012,2012,,2023/02/02,to-read,to-read (#92),to-read,,,,0,0
23129659,"Adult Children of Emotionally Immature Parents: How to Heal from Distant, Rejecting, or Self-Involved Parents",Lindsay C. Gibson,"Gibson, Lindsay C.",,"=""1626251703""","=""9781626251700""",5,4.40,New Harbinger Publications,Paperback,203,2015,2015,2023/01/28,2022/05/27,,,read,,,,1,0
17986418,Naked Statistics: Stripping the Dread from the Data,Charles Wheelan,"Wheelan, Charles",,"=""039334777X""","=""9780393347777""",0,3.95,W. W. Norton & Company,Paperback,304,2014,2012,,2023/01/28,to-read,to-read (#91),to-read,,,,0,0
53642699,The Mountain Is You: Transforming Self-Sabotage Into Self-Mastery,Brianna Wiest,"Wiest, Brianna",,"=""""","=""""",0,4.12,Thought Catalog Books,Paperback,421,2020,2020,,2023/01/22,to-read,to-read (#90),to-read,,,,0,0
52578297,The Midnight Library,Matt Haig,"Haig, Matt",,"=""""","=""""",0,4.00,Viking,Hardcover,304,2020,2020,,2023/01/22,to-read,to-read (#89),to-read,,,,0,0
58772732,"Ways of Being: Animals, Plants, Machines: The Search for a Planetary Intelligence",James Bridle,"Bridle, James",,"=""0374601119""","=""9780374601119""",0,4.19,"Farrar, Straus and Giroux",Hardcover,384,2022,2022,,2023/01/20,to-read,to-read (#88),to-read,,,,0,0
216561,Marie Curie: A Life,Susan Quinn,"Quinn, Susan",,"=""0201887940""","=""9780201887945""",5,4.20,Da Capo Press,Paperback,528,1996,1995,2023/01/18,2023/01/08,,,read,,,,1,0
8909152,Attachments,Rainbow Rowell,"Rowell, Rainbow",,"=""""","=""""",0,3.87,Dutton,Hardcover,323,2011,2011,,2023/01/15,to-read,to-read (#87),to-read,,,,0,0
953972,The Intelligent Investor: A book of practical counsel,Benjamin; Dodd Graham,"Graham, Benjamin; Dodd",,"=""0060115912""","=""9780060115913""",0,4.25,Harpercollins,Hardcover,,1978,1949,,2023/01/12,to-read,to-read (#77),to-read,,,,0,0
664534,The Innovator's Dilemma: When New Technologies Cause Great Firms to Fail,Clayton M. Christensen,"Christensen, Clayton M.",,"=""0875845851""","=""9780875845852""",0,4.04,Harvard Business Review Press,Hardcover,252,1997,1997,,2022/12/30,to-read,to-read (#61),to-read,,,,0,0
51156314,"The Psychology of Money: Timeless lessons on wealth, greed, and happiness",Morgan Housel,"Housel, Morgan",,"=""0857197681""","=""9780857197689""",0,4.35,Harriman House,Paperback,256,2020,2020,,2023/01/12,to-read,to-read (#76),to-read,,,,0,0
6043946,The 50th Law,50 Cent,"Cent, 50",Robert Greene,"=""006177460X""","=""9780061774607""",0,4.17,HarperStudio,Imitation Leather,291,2009,2008,,2023/01/12,to-read,to-read (#79),to-read,,,,0,0
25131230,Rationality: From AI to Zombies,Eliezer Yudkowsky,"Yudkowsky, Eliezer",,"=""1939311152""","=""9781939311153""",0,4.33,Machine Intelligence Research Institute,Kindle Edition,1813,2015,2015,,2023/01/13,to-read,to-read (#86),to-read,,,,0,0
13589153,How to Create a Mind: The Secret of Human Thought Revealed,Ray Kurzweil,"Kurzweil, Ray",,"=""0670025291""","=""9780670025299""",0,3.97,Viking,Hardcover,336,2012,2012,,2023/01/13,to-read,to-read (#85),to-read,,,,0,0
83518,The Singularity is Near: When Humans Transcend Biology,Ray Kurzweil,"Kurzweil, Ray",,"=""0143037889""","=""9780143037880""",0,3.93,Penguin ,Paperback,652,2006,2005,,2023/01/13,to-read,to-read (#84),to-read,,,,0,0
34272565,Life 3.0: Being Human in the Age of Artificial Intelligence,Max Tegmark,"Tegmark, Max",Rob Shapiro,"=""0451485076""","=""9780451485076""",0,4.02,Random House Audio Publishing Group,Audio CD,12,2017,2017,,2023/01/13,ai-books,ai-books (#1),ai-books,,,,0,0
24612233,The Master Algorithm: How the Quest for the Ultimate Learning Machine Will Remake Our World,Pedro Domingos,"Domingos, Pedro",,"=""0465065708""","=""9780465065707""",0,3.75,Basic Books,Hardcover,352,2015,2015,,2023/01/13,to-read,to-read (#83),to-read,,,,0,0
43565360,Artificial Intelligence: A Guide for Thinking Humans,Melanie  Mitchell,"Mitchell, Melanie",,"=""0374257833""","=""9780374257835""",0,4.39,"Farrar, Straus and Giroux",Hardcover,336,2019,2019,,2023/01/13,to-read,to-read (#82),to-read,,,,0,0
36484703,Prediction Machines: The Simple Economics of Artificial Intelligence,Ajay Agrawal,"Agrawal, Ajay","Joshua Gans, Avi Goldfarb","=""1633695689""","=""""",0,3.88,Harvard Business Review Press,Kindle Edition,328,2018,,,2023/01/13,to-read,to-read (#81),to-read,,,,0,0
21192565,The Concise Mastery (The Robert Greene Collection Book 1),Robert Greene,"Greene, Robert",,"=""""","=""""",0,4.40,Profile Books,Kindle Edition,208,2014,2014,,2023/01/12,to-read,to-read (#78),to-read,,,,0,0
38900091,The CEO Next Door: The 4 Behaviours that Transform Ordinary People into World Class Leaders,Elena L. Botelho,"Botelho, Elena L.","Kim R. Powell, Kim Powell, Tahl Raz","=""""","=""""",0,4.02,Virgin Digital,Kindle Edition,310,2018,2018,,2023/01/12,to-read,to-read (#75),to-read,,,,0,0
18224060,The Concise 48 Laws of Power,Robert Greene,"Greene, Robert",,"=""""","=""""",0,4.16,Viva Books,Hardcover,195,2011,1999,,2023/01/11,currently-reading,currently-reading (#8),currently-reading,,,,1,0
61121861,The Confident & Competent New Manager: How to Rapidly Rise to Success in Your First Leadership Role,Ramona Shaw,"Shaw, Ramona",,"=""""","=""""",0,4.00,,Kindle Edition,148,2022,,,2023/01/11,to-read,to-read (#74),to-read,,,,0,0
29939161,Radical Candor: Be a Kickass Boss Without Losing Your Humanity,Kim Malone Scott,"Scott, Kim Malone",,"=""1250103509""","=""9781250103505""",0,4.08,St. Martin's Press,Hardcover,336,2017,2017,,2023/01/11,to-read,to-read (#73),to-read,,,,0,0
34466958,Bullshit Jobs: A Theory,David Graeber,"Graeber, David",,"=""150114331X""","=""9781501143311""",5,4.04,Simon & Schuster,Hardcover,335,2018,2018,2023/01/09,2022/07/11,,,read,,,,1,0
13167795,Marie Curie and Her Daughters: The Private Lives of Science's First Family (MacSci),Shelley Emling,"Emling, Shelley",,"=""0230115713""","=""9780230115712""",0,3.73,St. Martin's Press,Hardcover,219,2012,2012,,2023/01/08,to-read,to-read (#72),to-read,,,,0,0
17707768,Jony Ive: The Genius Behind Apple's Greatest Products,Leander Kahney,"Kahney, Leander",,"=""159184617X""","=""9781591846178""",0,3.99,Portfolio,Hardcover,274,2013,2013,,2023/01/08,to-read,to-read (#71),to-read,,,,0,0
11909371,Socrates: A Man for Our Times,Paul  Johnson,"Johnson, Paul",,"=""0670023035""","=""9780670023035""",0,3.71,Viking,Hardcover,224,2011,2011,,2023/01/08,to-read,to-read (#70),to-read,,,,0,0
59364173,I'm Glad My Mom Died,Jennette McCurdy,"McCurdy, Jennette",,"=""""","=""""",0,4.48,Simon & Schuster,ebook,320,2022,2022,,2023/01/08,to-read,to-read (#69),to-read,,,,0,0
74034,Amusing Ourselves to Death: Public Discourse in the Age of Show Business,Neil Postman,"Postman, Neil",Andrew Postman,"=""014303653X""","=""9780143036531""",0,4.15,Penguin Books,Paperback,184,2005,1985,,2023/01/08,to-read,to-read (#68),to-read,,,,0,0
43708708,White Fragility: Why It’s So Hard for White People to Talk About Racism,Robin DiAngelo,"DiAngelo, Robin","Michael Eric Dyson, Manon Smits, Rob Kuitenbrouwer, Amy Landon","=""0807071161""","=""9780807071168""",0,4.18,Beacon Press,Audiobook,7,2018,2018,,2023/01/08,to-read,to-read (#67),to-read,,,,0,0
58095,Suicide: A Study in Sociology,Émile Durkheim,"Durkheim, Émile","John A. Spaulding, George Simpson","=""0684836327""","=""9780684836324""",0,3.85,Free Press,Paperback,405,1997,1897,,2023/01/08,to-read,to-read (#66),to-read,,,,0,0
40102,Blink: The Power of Thinking Without Thinking,Malcolm Gladwell,"Gladwell, Malcolm","Barry Fox, Irina Henegar","=""0316010669""","=""9780316010665""",0,3.96,Back Bay Books,Paperback,296,2007,2005,,2023/01/08,to-read,to-read (#65),to-read,,,,0,0
43848929,Talking to Strangers: What We Should Know About the People We Don’t Know,Malcolm Gladwell,"Gladwell, Malcolm",,"=""0316478520""","=""9780316478526""",0,4.02,"Little, Brown and Company",Hardcover,388,2019,2019,,2023/01/08,to-read,to-read (#64),to-read,,,,0,0
2612,The Tipping Point: How Little Things Can Make a Big Difference,Malcolm Gladwell,"Gladwell, Malcolm",,"=""0316346624""","=""9780316346627""",0,4.00,Time Warner Book Group,Paperback,301,2002,2000,,2023/01/08,to-read,to-read (#63),to-read,,,,0,0
42291479,The Extended Mind: The Power of Thinking Outside the Brain,Annie Murphy Paul,"Paul, Annie Murphy",,"=""""","=""""",0,4.05,Mariner Books,Kindle Edition,352,2021,2021,,2022/12/30,to-read,to-read (#62),to-read,,,,0,0
11468377,"Thinking, Fast and Slow",Daniel Kahneman,"Kahneman, Daniel",,"=""0374275637""","=""9780374275631""",0,4.18,"Farrar, Straus and Giroux",Hardcover,499,2011,2011,,2022/12/26,currently-reading,currently-reading (#7),currently-reading,,,,1,0
59651553,"Below Zero (The STEMinist Novellas, #3)",Ali Hazelwood,"Hazelwood, Ali",,"=""""","=""""",0,3.60,Berkley,Kindle Edition,139,2022,2022,,2022/12/26,to-read,to-read (#60),to-read,,,,0,0
59651555,"Stuck with You (The STEMinist Novellas, #2)",Ali Hazelwood,"Hazelwood, Ali",,"=""""","=""""",0,3.59,Berkley,Kindle Edition,127,2022,2022,,2022/12/26,to-read,to-read (#59),to-read,,,,0,0
59651557,"Under One Roof (The STEMinist Novellas, #1)",Ali Hazelwood,"Hazelwood, Ali",,"=""""","=""""",0,3.68,Berkley,Kindle Edition,112,2022,2022,,2022/12/26,to-read,to-read (#58),to-read,,,,0,0
59571699,Love on the Brain,Ali Hazelwood,"Hazelwood, Ali",,"=""1408725789""","=""""",3,3.93,Sphere,Kindle Edition,368,2022,2022,,2021/11/18,,,read,,,,1,0
40215120,How to Own the Room: Women and the Art of Brilliant Speaking,Viv Groskop,"Groskop, Viv",,"=""""","=""""",0,3.70,Transworld Digital,Kindle Edition,235,2018,,,2022/11/11,to-read,to-read (#57),to-read,,,,0,0
52611570,The Introvert’s Edge to Networking: Work the Room. Leverage Social Media. Develop Powerful Connections,Matthew Owen Pollard,"Pollard, Matthew Owen",,"=""1400216680""","=""9781400216680""",0,3.95,HarperCollins Leadership,Hardcover,256,2021,2021,,2022/10/25,to-read,to-read (#56),to-read,,,,0,0
34963434,The Introvert's Edge: How the Quiet and Shy Can Outsell Anyone,Matthew Owen Pollard,"Pollard, Matthew Owen",Derek Lewis,"=""0814438873""","=""9780814438879""",0,3.92,AMACOM,Paperback,240,2018,2018,,2022/10/25,to-read,to-read (#55),to-read,,,,0,0
13425570,How Will You Measure Your Life?,Clayton M. Christensen,"Christensen, Clayton M.","James Allworth, Karen Dillon, Daniela Caggiati","=""0062102427""","=""9780062102423""",0,4.05,Harper Business,Kindle Edition,240,2012,2012,,2022/10/14,to-read,to-read (#54),to-read,,,,0,0
56269264,The Dawn of Everything: A New History of Humanity,David Graeber,"Graeber, David",David Wengrow,"=""0374157359""","=""9780374157357""",0,4.20,"Farrar, Straus and Giroux",Hardcover,692,2021,2021,,2022/10/11,to-read,to-read (#53),to-read,,,,0,0
1991,Why Is Sex Fun? The Evolution of Human Sexuality (Science Masters),Jared Diamond,"Diamond, Jared",,"=""0465031269""","=""9780465031269""",4,3.70,Basic Books,Paperback,176,1998,1997,,2022/07/16,,,read,,,,1,0
15766601,The World Until Yesterday: What Can We Learn from Traditional Societies?,Jared Diamond,"Diamond, Jared",,"=""0670024813""","=""9780670024810""",0,3.77,Viking,Hardcover,512,2012,2012,,2022/06/14,to-read,to-read (#52),to-read,,,,0,0
38820046,21 Lessons for the 21st Century,Yuval Noah Harari,"Harari, Yuval Noah",,"=""0525512179""","=""9780525512172""",5,4.17,Random House,Hardcover,372,2018,2018,2022/06/13,2022/06/11,,,read,,,,1,0
41716904,Upheaval: Turning Points for Nations in Crisis,Jared Diamond,"Diamond, Jared",,"=""""","=""""",0,3.90,"Little, Brown and Company",Hardcover,512,2019,2019,,2022/06/12,to-read,to-read (#51),to-read,,,,0,0
1842,"Guns, Germs, and Steel: The Fates of Human Societies",Jared Diamond,"Diamond, Jared",,"=""0739467352""","=""9780739467350""",0,4.04,W.W. Norton & Company,Paperback,498,2005,1997,,2022/06/12,to-read,to-read (#50),to-read,,,,0,0
475,Collapse: How Societies Choose to Fail or Succeed,Jared Diamond,"Diamond, Jared",,"=""0143036556""","=""9780143036555""",0,3.93,Penguin Books Ltd. (London),Paperback,608,2005,2004,,2022/06/12,to-read,to-read (#49),to-read,,,,0,0
18667939,Think and Grow Rich for Women: Using Your Power to Create Success and Significance,Sharon L. Lechter,"Lechter, Sharon L.",,"=""0399170820""","=""9780399170829""",0,3.91,TarcherPerigee,Hardcover,352,2014,2014,,2022/06/11,currently-reading,currently-reading (#6),currently-reading,,,,1,0
25666050,Algorithms to Live By: The Computer Science of Human Decisions,Brian Christian,"Christian, Brian",Tom  Griffiths,"=""1627790365""","=""9781627790369""",0,4.13,Henry Holt and Co.,Hardcover,368,2016,2016,,2022/06/11,to-read,to-read (#48),to-read,,,,0,0
33584212,Immune: How Your Body Defends and Protects You (Bloomsbury Sigma),Catherine Carver,"Carver, Catherine",,"=""1472915119""","=""9781472915115""",0,3.66,Bloomsbury Sigma,Hardcover,304,2017,,,2022/06/11,to-read,to-read (#47),to-read,,,,0,0
54455629,"The Disordered Cosmos: A Journey into Dark Matter, Spacetime, and Dreams Deferred",Chanda Prescod-Weinstein,"Prescod-Weinstein, Chanda",,"=""1541724704""","=""9781541724709""",0,4.12,Bold Type Books,Hardcover,320,2021,2021,,2022/06/11,to-read,to-read (#46),to-read,,,,0,0
56354938,Biofabrication (The MIT Press Essential Knowledge series),Ritu Raman,"Raman, Ritu",,"=""026254296X""","=""9780262542968""",0,4.19,The MIT Press,Paperback,216,2021,,,2022/05/28,to-read,to-read (#45),to-read,,,,0,0
20527133,"Superintelligence: Paths, Dangers, Strategies",Nick Bostrom,"Bostrom, Nick",,"=""0199678111""","=""9780199678112""",0,3.86,Oxford University Press,Hardcover,352,2014,2014,,2022/04/21,currently-reading,currently-reading (#5),currently-reading,,,,1,0
54968118,"The Code Breaker: Jennifer Doudna, Gene Editing, and the Future of the Human Race",Walter Isaacson,"Isaacson, Walter",,"=""1982115858""","=""9781982115852""",5,4.29,Simon & Schuster,Hardcover,536,2021,2021,2022/04/21,2021/12/06,,,read,,,,1,0
58120775,Nearly All The Men In Lagos Are Mad,Damilare Kuku,"Kuku, Damilare",,"=""""","=""""",5,4.01,Masobe Books,Paperback,,2021,,2021/12/30,2021/12/25,,,read,,,,1,0
52207852,Secrets of Divine Love: A Spiritual Journey into the Heart of Islam,A. Helwa,"Helwa, A.",,"=""1734231203""","=""9781734231205""",0,4.53,Naulit Publishing House,Paperback,387,2020,,,2022/03/11,to-read,to-read (#44),to-read,,,,0,0
11084145,Steve Jobs,Walter Isaacson,"Isaacson, Walter",,"=""1451648537""","=""9781451648539""",0,4.16,Simon & Schuster,Hardcover,630,2011,2011,,2022/02/06,to-read,to-read (#43),to-read,,,,0,0
54985743,People We Meet on Vacation,Emily Henry,"Henry, Emily",,"=""1984806750""","=""9781984806758""",4,3.89,Berkley,Paperback,364,2021,2021,2022/01/31,2022/01/24,,,read,,,,1,0
56769579,"The Secret of Life: Rosalind Franklin, James Watson, Francis Crick, and the Discovery of DNA's Double Helix",Howard Markel,"Markel, Howard",,"=""1324002239""","=""9781324002239""",0,4.15,W. W. Norton & Company,Hardcover,576,2021,2021,,2022/01/26,to-read,to-read (#42),to-read,,,,0,0
42584179,How Not to Die Alone,Richard Roper,"Roper, Richard",,"=""0525539883""","=""9780525539889""",0,3.68,G.P. Putnam's Sons,Hardcover,321,2019,2019,,2022/01/24,to-read,to-read (#41),to-read,,,,0,0
54304221,How to Not Die Alone: The Surprising Science That Will Help You Find Love,Logan Ury,"Ury, Logan",,"=""1982120622""","=""9781982120627""",0,4.02,Simon & Schuster,Hardcover,352,2021,2021,,2022/01/24,to-read,to-read (#40),to-read,,,,0,0
58438593,The Soulmate Equation,Christina Lauren,"Lauren, Christina",,"=""1982171111""","=""9781982171117""",0,4.01,Gallery Books,Paperback,416,2022,2021,,2022/01/08,to-read,to-read (#39),to-read,,,,0,0
40864002,"A Psalm for the Wild-Built (Monk & Robot, #1)",Becky  Chambers,"Chambers, Becky",,"=""""","=""""",3,4.29,Tordotcom,Kindle Edition,160,2021,2021,2022/01/05,2022/01/01,,,read,,,,1,0
55077657,"A Psalm for the Wild-Built (Monk & Robot, #1)",Becky  Chambers,"Chambers, Becky",,"=""1250236215""","=""9781250236210""",0,4.29,Tor.com Tom Doherty Assoc.,Hardcover,147,2021,2021,,2021/12/30,to-read,to-read (#38),to-read,,,,0,0
11235712,"Cinder (The Lunar Chronicles, #1)",Marissa Meyer,"Meyer, Marissa",,"=""0312641893""","=""9780312641894""",0,4.13,Feiwel & Friends,Hardcover,390,2012,2012,,2021/11/18,to-read,to-read (#37),to-read,,,,0,0
56732449,The Love Hypothesis,Ali Hazelwood,"Hazelwood, Ali",,"=""0593336828""","=""9780593336823""",3,4.17,Berkley Books,Paperback,383,2021,2021,2021/11/18,2021/09/13,,,read,,,,1,0
40651883,Snow Crash,Neal Stephenson,"Stephenson, Neal",,"=""""","=""""",0,4.02,Spectra,Kindle Edition,559,2018,1992,,2021/10/28,to-read,to-read (#36),to-read,,,,0,0
18050143,"Zero to One: Notes on Startups, or How to Build the Future",Peter Thiel,"Thiel, Peter",Blake  Masters,"=""0804139296""","=""9780804139298""",0,4.17,Crown Currency,Hardcover,195,2014,2014,,2021/10/21,currently-reading,currently-reading (#4),currently-reading,,,,1,0
57905388,You Got Anything Stronger?: Stories,Gabrielle Union,"Union, Gabrielle",Kevin Carr O'Leary,"=""0062979930""","=""9780062979933""",5,4.13,HarperCollins Publishers,Hardcover,242,2021,2021,2021/10/21,2021/10/21,,,read,,,,2,0
21856367,"The Innovators: How a Group of Hackers, Geniuses and Geeks Created the Digital Revolution",Walter Isaacson,"Isaacson, Walter",,"=""147670869X""","=""9781476708690""",5,4.11,Simon and Schuster,Hardcover,542,2014,2011,2021/09/27,2020/04/17,,,read,,,,1,0
23215488,Speak,Louisa Hall,"Hall, Louisa",,"=""0062391194""","=""9780062391193""",0,3.59,Ecco,Hardcover,336,2015,2015,,2021/09/13,to-read,to-read (#35),to-read,,,,0,0
34217536,The Mother of Black Hollywood: A Memoir,Jenifer Lewis,"Lewis, Jenifer",,"=""0062410407""","=""9780062410405""",0,4.35,Amistad,Hardcover,336,2017,2017,,2021/04/04,to-read,to-read (#34),to-read,,,,0,0
29430742,Around the Way Girl,Taraji P. Henson,"Henson, Taraji P.",Denene Millner,"=""1501125990""","=""9781501125997""",0,4.19,37 Ink,Hardcover,256,2016,2016,,2021/04/04,to-read,to-read (#33),to-read,,,,0,0
16158498,Give and Take: A Revolutionary Approach to Success,Adam M. Grant,"Grant, Adam M.",,"=""0670026557""","=""9780670026555""",0,4.07,Viking,Hardcover,320,2013,2013,,2021/04/03,currently-reading,currently-reading (#3),currently-reading,,,,1,0
49624060,"Explaining Humans: What Science Can Teach Us about Life, Love and Relationships",Camilla Pang,"Pang, Camilla",,"=""0241409608""","=""9780241409602""",5,3.49,Viking,Hardcover,239,2020,2020,2021/04/03,2021/04/03,,,read,,,,1,0
52275335,How to Avoid a Climate Disaster: The Solutions We Have and the Breakthroughs We Need,Bill  Gates,"Gates, Bill",,"=""0241448301""","=""9780241448304""",0,4.14,Allen Lane,Hardcover,272,2021,2021,,2021/02/04,to-read,to-read (#32),to-read,,,,0,0
34884359,We're Going to Need More Wine,Gabrielle Union,"Union, Gabrielle",,"=""""","=""""",5,4.19,Dey Street Books,Kindle Edition,272,2017,2017,2021/01/29,2021/01/28,,,read,"While randomly scrolling YouTube for what to entertain myself with while having breakfast, Gabrielle Union's interview with Trevor Noah on The Daily Show caught my eye and so I gave it a try. I enjoyed the interview and decided to read the book myself.<br/><br/>Gabrielle Union has proven that she's not only a talented actress with a beautiful face that doesn't age but a strong, powerful, intelligent black woman as well.<br/><br/>Her book takes you through experiences and mistakes as a young black girl trying to get through school to the amazing woman she is today with her own share of challenges she's experienced along the way. This book is one of those unputdownable types that leaves you wanting more and more. <br/>Her sense of humour is amazing and the book gives this down to earth, big sister vibe with just the right amount of cussing.<br/><br/>I really enjoyed it.",,,1,0
16189543,"The 3 Secrets to Effective Time Investment: Achieve More Success with Less Stress: Foreword by Cal Newport, author of So Good They Can't Ignore You",Elizabeth Grace Saunders,"Saunders, Elizabeth Grace",,"=""0071808817""","=""9780071808811""",0,3.65,McGraw Hill,Hardcover,272,2013,2012,,2021/01/25,to-read,to-read (#31),to-read,,,,0,0
42403122,The Code: Silicon Valley and the Remaking of America,Margaret O'Mara,"O'Mara, Margaret",,"=""""","=""""",0,3.95,Penguin Books,Kindle Edition,511,2019,2019,,2021/01/22,to-read,to-read (#30),to-read,,,,0,0
51152447,Caste: The Origins of Our Discontents,Isabel Wilkerson,"Wilkerson, Isabel",,"=""0593230256""","=""9780593230251""",0,4.54,Random House,Hardcover,496,2020,2020,,2021/01/05,to-read,to-read (#29),to-read,,,,0,0
19063,The Book Thief,Markus Zusak,"Zusak, Markus",,"=""""","=""""",0,4.39,Alfred A. Knopf,Hardcover,592,2006,2005,,2021/01/05,to-read,to-read (#28),to-read,,,,0,0
29780253,Born a Crime: Stories From a South African Childhood,Trevor Noah,"Noah, Trevor",,"=""""","=""""",0,4.49,Doubleday Canada,Hardcover,289,2016,2016,,2021/01/05,,,read,,,,1,0
54110137,"Sapiens: A Graphic History, Volume 1 - The Birth of Humankind",Yuval Noah Harari,"Harari, Yuval Noah","David Vandermeulen, Daniel Casanave","=""0063055082""","=""9780063055087""",0,4.38,Harper,Hardcover,248,2020,2020,,2020/12/28,to-read,to-read (#27),to-read,,,,0,0
342504,The Science of Getting Rich,Wallace D. Wattles,"Wattles, Wallace D.",,"=""1585426016""","=""9781585426010""",4,4.14,Tarcher/Penguin,Mass Market Paperback,146,2007,1910,2020/09/09,2020/09/02,,,read,,,,1,0
40121378,Atomic Habits: An Easy & Proven Way to Build Good Habits & Break Bad Ones,James Clear,"Clear, James",,"=""""","=""""",3,4.36,Avery,Kindle Edition,319,2018,2018,,2020/12/28,,,read,,,,1,0
1165655,Reluctant Genius: The Passionate Life and Inventive Mind of Alexander Graham Bell,Charlotte Gray,"Gray, Charlotte",,"=""0002006766""","=""9780002006767""",5,4.31,HarperCollins,Hardcover,466,2006,2006,2020/08/13,2020/08/13,,,read,,,,2,0
40597264,Hacking Darwin: Genetic Engineering and the Future of Humanity,Jamie Metzl,"Metzl, Jamie",,"=""149267009X""","=""9781492670094""",4,4.01,Sourcebooks,Hardcover,327,2019,2019,,2020/04/24,,,read,,,,1,0
49128526,T-Minus AI: Humanity's Countdown to Artificial Intelligence and the New Pursuit of Global Power,Michael Kanaan,"Kanaan, Michael",,"=""1948836947""","=""9781948836944""",0,3.78,BenBella Books,Hardcover,304,2020,,,2020/12/28,to-read,to-read (#26),to-read,,,,0,0
51199750,"Some Assembly Required: Decoding Four Billion Years of Life, from Ancient Fossils to DNA",Neil Shubin,"Shubin, Neil",,"=""""","=""""",0,4.13,Pantheon,Hardcover,267,2020,2020,,2020/12/28,to-read,to-read (#25),to-read,,,,0,0
53916142,A Life on Our Planet: My Witness Statement and a Vision for the Future,David Attenborough,"Attenborough, David",,"=""1538719983""","=""9781538719985""",0,4.51,Grand Central Publishing,Hardcover,272,2020,2020,,2020/12/28,to-read,to-read (#24),to-read,,,,0,0
50734400,How to Argue With a Racist: What Our Genes Do (and Don't) Say About Human Difference,Adam Rutherford,"Rutherford, Adam",,"=""1615196714""","=""9781615196715""",0,3.91,The Experiment,Hardcover,224,2020,2020,,2020/12/28,to-read,to-read (#23),to-read,,,,0,0
50772888,No Filter: The Inside Story of Instagram,Sarah Frier,"Frier, Sarah",,"=""1982126809""","=""9781982126803""",0,4.11,Simon & Schuster,Hardcover,352,2020,2020,,2020/12/28,to-read,to-read (#22),to-read,,,,0,0
43923951,Such a Fun Age,Kiley Reid,"Reid, Kiley",,"=""""","=""""",3,3.80,G.P. Putnam's Sons,Hardcover,310,2019,2019,2020/04/12,2020/03/29,,,read,,,,2,0
38242135,"AI Superpowers: China, Silicon Valley, and the New World Order",Kai-Fu Lee,"Lee, Kai-Fu",,"=""132854639X""","=""9781328546395""",0,4.10,Harper Business,Hardcover,255,2018,2018,,2020/09/15,to-read,to-read (#21),to-read,,,,0,0
28186015,Weapons of Math Destruction: How Big Data Increases Inequality and Threatens Democracy,Cathy O'Neil,"O'Neil, Cathy",,"=""0553418815""","=""9780553418811""",0,3.88,Crown,Hardcover,259,2016,2016,,2020/09/15,to-read,to-read (#20),to-read,,,,0,0
37830765,Ten Arguments For Deleting Your Social Media Accounts Right Now,Jaron Lanier,"Lanier, Jaron",,"=""1847925391""","=""9781847925398""",0,3.59,JONATHAN CAPE &amp; BH - TRADE,Hardcover,146,2018,2018,,2020/09/15,to-read,to-read (#19),to-read,,,,0,0
18302455,"The Circle (The Circle, #1)",Dave Eggers,"Eggers, Dave",,"=""""","=""""",4,3.43,Knopf,Hardcover,493,2013,2013,2020/03/29,2020/03/29,,,read,,,,1,0
3228917,Outliers: The Story of Success,Malcolm Gladwell,"Gladwell, Malcolm",,"=""0316017922""","=""9780316017923""",5,4.19,"Little, Brown and Company",Hardcover,309,2008,2008,2020/06/09,2020/06/09,,,read,,,,2,0
23131174,"The Digital Doctor: Hope, Hype, and Harm at the Dawn of Medicine's Computer Age",Robert M. Wachter,"Wachter, Robert M.",,"=""0071849467""","=""9780071849463""",0,4.16,McGraw Hill,Hardcover,352,2015,2015,,2020/05/03,currently-reading,currently-reading (#2),currently-reading,,,,1,0
38746485,Becoming,Michelle Obama,"Obama, Michelle",,"=""""","=""""",0,4.47,Crown,Hardcover,426,2018,2018,,2020/05/10,to-read,to-read (#18),to-read,,,,0,0
41998128,Architects of Intelligence: The truth about AI from the people building it,Martin Ford,"Ford, Martin",,"=""178913126X""","=""9781789131260""",0,4.10,Packt Publishing,Kindle Edition,554,2018,,,2020/05/10,to-read,to-read (#17),to-read,,,,0,0
34466963,Why We Sleep: Unlocking the Power of Sleep and Dreams,Matthew Walker,"Walker, Matthew",,"=""""","=""""",0,4.38,Scribner,Hardcover,368,2017,2017,,2020/05/10,to-read,to-read (#16),to-read,,,,0,0
21413662,What If? Serious Scientific Answers to Absurd Hypothetical Questions,Randall Munroe,"Munroe, Randall",,"=""0544272994""","=""9780544272996""",0,4.14,Dey Street Books,Hardcover,303,2014,2014,,2020/05/10,to-read,to-read (#15),to-read,,,,0,0
61535,The Selfish Gene,Richard Dawkins,"Dawkins, Richard",,"=""0199291152""","=""9780199291151""",0,4.15,Oxford University Press,Paperback,360,2006,1976,,2020/05/10,to-read,to-read (#14),to-read,,,,0,0
15843166,You Are a Badass: How to Stop Doubting Your Greatness and Start Living an Awesome Life,Jen Sincero,"Sincero, Jen",,"=""0762447699""","=""9780762447695""",5,3.95,Running Press Adult,Paperback,254,2013,2013,2020/04/24,2020/04/22,,,read,,,,1,0
69571,"Rich Dad, Poor Dad",Robert T. Kiyosaki,"Kiyosaki, Robert T.",,"=""0751532711""","=""9780751532715""",0,4.12,Time Warner Books UK,Paperback,195,2001,1997,2020/05/08,2020/05/07,,,read,,,,1,0
44441975,Synapse,Steven James,"James, Steven",,"=""0785225250""","=""9780785225256""",5,3.78,Thomas Nelson,Paperback,384,2019,2019,2020/05/03,2020/05/02,,,read,,,,1,0
40445,"Altered Carbon (Takeshi Kovacs, #1)",Richard K. Morgan,"Morgan, Richard K.",,"=""0345457692""","=""9780345457691""",0,4.04,Del Rey / Ballantine Books,Mass Market Paperback,526,2006,2002,,2020/05/03,to-read,to-read (#13),to-read,,,,0,0
32296049,Female Innovators at Work: Women on Top of Tech,Danielle Newnham,"Newnham, Danielle",,"=""1484223632""","=""9781484223635""",0,4.00,Apress,Paperback,233,2016,,,2020/04/17,to-read,to-read (#12),to-read,,,,0,0
41104077,Invisible Women: Data Bias in a World Designed for Men,Caroline Criado Pérez,"Pérez, Caroline Criado",,"=""1419729071""","=""9781419729072""",0,4.36,Abrams Press,Hardcover,448,2019,2019,,2020/04/24,currently-reading,currently-reading (#1),currently-reading,,,,1,0
43852758,How To: Absurd Scientific Advice for Common Real-World Problems,Randall Munroe,"Munroe, Randall",,"=""0525537090""","=""9780525537090""",0,4.15,Riverhead Books,Hardcover,308,2019,2019,,2020/04/24,to-read,to-read (#11),to-read,,,,0,0
43582376,The Body: A Guide for Occupants,Bill Bryson,"Bryson, Bill",,"=""0385539304""","=""9780385539302""",0,4.32,Doubleday Books,Hardcover,450,2019,2019,,2020/04/24,to-read,to-read (#10),to-read,,,,0,0
43785830,Will My Cat Eat My Eyeballs? Big Questions from Tiny Mortals About Death,Caitlin Doughty,"Doughty, Caitlin",Dianné Ruz,"=""039365270X""","=""9780393652703""",0,4.13,W. W. Norton & Company,Hardcover,222,2019,2019,,2020/04/24,to-read,to-read (#9),to-read,,,,0,0
36288143,Brotopia: Breaking Up the Boys' Club of Silicon Valley,Emily  Chang,"Chang, Emily",,"=""0735213542""","=""9780735213548""",4,4.01,Portfolio,Kindle Edition,335,2018,2018,2020/04/22,2020/04/18,,,read,,,,1,0
31451040,Geek Girl Rising: Inside the Sisterhood Shaking Up Tech,Samantha Parent Walravens,"Walravens, Samantha Parent",Heather Cabot,"=""1250112265""","=""9781250112262""",0,3.60,St. Martin's Press,Hardcover,272,2017,,,2020/04/17,to-read,to-read (#8),to-read,,,,0,0
25852961,Women in Tech: Take Your Career to the Next Level with Practical Advice and Inspiring Stories,Tarah Wheeler Van Vlack,"Vlack, Tarah Wheeler Van","Esther Dyson, Angie Chang","=""1632170663""","=""9781632170668""",4,3.95,Sasquatch Books,Hardcover,272,2016,2016,,2020/04/17,to-read,to-read (#7),to-read,,,,0,0
42399951,The Overdue Life of Amy Byler,Kelly Harms,"Harms, Kelly",,"=""1542090571""","=""9781542090575""",0,3.84,Lake Union Publishing,Kindle Edition,328,2019,2019,,2020/03/29,to-read,to-read (#6),to-read,,,,0,0
41081373,"Girl, Woman, Other",Bernardine Evaristo,"Evaristo, Bernardine",,"=""0241364906""","=""9780241364901""",0,4.30,Hamish Hamilton,Hardcover,453,2019,2019,,2020/03/29,to-read,to-read (#5),to-read,,,,0,0
50773748,A Curious History of Sex,Kate  Lister,"Lister, Kate",,"=""1783528060""","=""9781783528066""",0,4.18,Unbound,Kindle Edition,353,2020,2020,,2020/03/29,to-read,to-read (#4),to-read,,,,0,0
36687229,Hood Feminism: Notes from the Women That a Movement Forgot,Mikki Kendall,"Kendall, Mikki",,"=""""","=""""",0,4.39,Viking,Hardcover,267,2020,2020,,2020/03/29,to-read,to-read (#3),to-read,,,,0,0
46263943,Real Life,Brandon  Taylor,"Taylor, Brandon",,"=""0525538887""","=""9780525538882""",0,3.82,Riverhead Books,Hardcover,329,2020,2020,2020/03/29,2020/03/02,,,read,,,,2,0
35009679,"Leadership Lessons: Warren Buffett, Walt Disney, Thomas Edison, Katharine Graham, Steve Jobs, and Ray Kroc",Will Peters,"Peters, Will",,"=""""","=""""",3,3.91,"New Word City, Inc.",Kindle Edition,136,2017,,2020/03/29,2020/03/29,,,read,,,,2,0
49750,An Abundance of Katherines,John Green,"Green, John",,"=""0525476881""","=""9780525476887""",0,3.52,Dutton Books for Young Readers,Hardcover,229,2006,2006,,2020/03/02,,,read,,,,1,0
31434883,Eleanor Oliphant Is Completely Fine,Gail Honeyman,"Honeyman, Gail",,"=""0735220689""","=""9780735220683""",0,4.24,Pamela Dorman Books / Viking,Hardcover,336,2017,2017,,2020/03/02,,,read,,,,1,0
19547856,"Simon vs. the Homo Sapiens Agenda (Simonverse, #1)",Becky Albertalli,"Albertalli, Becky",,"=""0062348671""","=""9780062348678""",0,4.17,Balzer + Bray,Hardcover,320,2015,2015,,2020/03/02,,,read,,,,1,0
31138556,Homo Deus: A History of Tomorrow,Yuval Noah Harari,"Harari, Yuval Noah",,"=""""","=""""",5,4.21,Harper,Kindle Edition,450,2017,2015,2020/02/25,2020/01/06,,,read,,,,1,0
17674969,Life at the Speed of Light: From the Double Helix to the Dawn of Digital Life,J. Craig Venter,"Venter, J. Craig",,"=""0670025402""","=""9780670025404""",0,3.86,Viking,Hardcover,240,2013,2013,,2020/01/19,to-read,to-read (#2),to-read,,,,0,0
23692271,Sapiens: A Brief History of Humankind,Yuval Noah Harari,"Harari, Yuval Noah",,"=""""","=""""",5,4.37,Vintage,Paperback,512,2015,2011,2020/01/18,2020/01/06,,,read,,,,1,0
12844390,Brutal Simplicity of Thought: How It Changed the World,M&C Saatchi,"Saatchi, M&C",,"=""0091943310""","=""9780091943318""",0,3.53,Ebury Press,Hardcover,112,2011,2011,2020/01/06,2020/01/06,,,read,,,,1,0
1208713,The Art of Creative Thinking: How to Be Innovative and Develop Great Ideas,John Adair,"Adair, John",,"=""0749447990""","=""9780749447991""",4,3.43,Kogan Page,Hardcover,133,2007,2007,2020/01/02,2020/01/02,,,read,,,,2,0
40539165,Queenie,Candice Carty-Williams,"Carty-Williams, Candice",,"=""1501196014""","=""9781501196010""",0,3.86,Gallery/Scout Press,Hardcover,330,2019,2019,,2019/11/08,,,read,,,,1,0
36205015,"The Space Barons: Elon Musk, Jeff Bezos, and the Quest to Colonize the Cosmos",Christian Davenport,"Davenport, Christian",,"=""1610398297""","=""9781610398299""",0,4.11,PublicAffairs,Hardcover,320,2018,2018,,2019/10/05,,,read,,,,1,0
15796700,Americanah,Chimamanda Ngozi Adichie,"Adichie, Chimamanda Ngozi",Jashar Awan,"=""""","=""""",5,4.32,Alfred A. Knopf,Hardcover,477,2013,2013,,2019/09/30,,,read,,,,1,0
36596442,Hello Girls,Brittany Cavallaro,"Cavallaro, Brittany",Emily Henry,"=""""","=""""",0,3.44,Katherine Tegen Books,Hardcover,325,2019,2019,,2019/09/17,,,read,,,,1,0
28257707,The Subtle Art of Not Giving a F*ck: A Counterintuitive Approach to Living a Good Life,Mark Manson,"Manson, Mark",,"=""""","=""""",0,3.90,Harper,Paperback,212,2016,2016,,2019/09/15,,,read,,,,1,0
32191710,Astrophysics for People in a Hurry,Neil deGrasse Tyson,"Tyson, Neil deGrasse",,"=""0393609391""","=""9780393609394""",5,4.08,W. W. Norton & Company,Hardcover,223,2017,2017,2017/11/01,2017/10/31,,,read,,,,1,0
4069,Man's Search for Meaning,Viktor E. Frankl,"Frankl, Viktor E.","Harold S. Kushner, William J. Winslade, Isle Lasch","=""080701429X""","=""9780807014295""",5,4.37,Beacon Press,Paperback,165,2006,1959,,2019/09/11,,,read,,,,1,0
18077903,"Creativity, Inc.: Overcoming the Unseen Forces That Stand in the Way of True Inspiration",Ed Catmull,"Catmull, Ed",Amy    Wallace,"=""0812993012""","=""9780812993011""",5,4.22,Random House,Hardcover,368,2014,2014,,2018/10/06,,,read,,,,1,0
35615200,"Brave Enough (Brave Enough, #1)",Kati Gardner,"Gardner, Kati",,"=""1635830206""","=""9781635830200""",0,3.99,Flux,Paperback,280,2018,2018,,2018/06/11,to-read,to-read (#1),to-read,,,,0,0
34237641,Her,Pierre Alex Jeanty,"Jeanty, Pierre Alex","Omar Rodriguez, Tremanda Pewett, Carla Dupont, Sarah Plamondon","=""0997426586""","=""9780997426588""",4,3.87,Jeanius Publishing LLC,Paperback,160,2017,,,2018/03/04,,,read,,,,1,0
36049650,Her Vol. 2,Pierre Alex Jeanty,"Jeanty, Pierre Alex",Tremanda Pewett,"=""""","=""""",4,3.95,Jeanius Publishing LLC,Kindle Edition,166,2017,,,2018/03/04,,,read,,,,1,0
31207017,"Love, Hate & Other Filters",Samira Ahmed,"Ahmed, Samira",,"=""1616958472""","=""9781616958473""",4,3.76,Soho Teen,Hardcover,281,2018,2018,,2018/01/21,,,read,,,,1,0
18806240,Bone Gap,Laura Ruby,"Ruby, Laura",,"=""""","=""""",0,3.81,Balzer + Bray,Kindle Edition,373,2015,2015,,2018/01/19,,,read,,,,1,0
18336965,My Heart and Other Black Holes,Jasmine Warga,"Warga, Jasmine",,"=""""","=""""",0,3.97,HarperCollins/Balzer + Bray,Kindle Edition,302,2015,2015,,2018/01/14,,,read,,,,1,0
25541028,"Elon Musk: Tesla, SpaceX, and the Quest for a Fantastic Future",Ashlee Vance,"Vance, Ashlee",,"=""0062301233""","=""9780062301239""",0,4.19,Ecco,Hardcover,392,2015,2015,2017/12/28,2017/12/24,,,read,,,,1,0
18460392,All the Bright Places,Jennifer Niven,"Niven, Jennifer",,"=""0385755880""","=""9780385755887""",0,4.13,Knopf,Hardcover,378,2015,2015,,2018/01/07,,,read,,,,1,0
16068905,Fangirl,Rainbow Rowell,"Rowell, Rainbow",,"=""""","=""""",0,3.96,St. Martin's Griffin,Kindle Edition,483,2013,2013,,2018/01/04,,,read,,,,1,0
10816297,"Kill Shot (Mitch Rapp, #2)",Vince Flynn,"Flynn, Vince",,"=""1416595201""","=""9781416595205""",0,4.31,Emily Bestler Atria Simon & Schuster,Hardcover,385,2012,2012,,2018/01/04,,,read,,,,1,0
7959473,"American Assassin (Mitch Rapp, #1)",Vince Flynn,"Flynn, Vince",,"=""141659518X""","=""9781416595182""",0,4.25,Atria Simon & Schuster,Hardcover,435,2010,2010,,2018/01/01,,,read,,,,1,0
28763485,The Sun Is Also a Star,Nicola Yoon,"Yoon, Nicola",,"=""0553496689""","=""9780553496680""",0,3.98,Delacorte Press,Hardcover,344,2016,2016,,2017/12/30,,,read,,,,1,0
18692431,"Everything, Everything",Nicola Yoon,"Yoon, Nicola",David  Yoon,"=""0553496646""","=""9780553496642""",4,3.98,Delacorte Books for Young Readers,Hardcover,312,2015,2015,,2017/12/28,,,read,,,,1,0
33290383,Let it Snow,John Green,"Green, John","Maureen Johnson, Lauren Myracle","=""""","=""""",4,3.68,Speak,Kindle Edition,353,2016,2008,,2017/12/24,,,read,,,,1,0
31202835,How to Be a Bawse: A Guide to Conquering Life,Lilly Singh,"Singh, Lilly",,"=""0425286460""","=""9780425286463""",4,3.94,Ballantine Books,Hardcover,315,2017,2017,,2017/12/24,,,read,,,,1,0
31684925,Chemistry,Weike Wang,"Wang, Weike",,"=""1524731757""","=""""",3,3.74,Knopf,Kindle Edition,224,2017,2017,,2017/12/24,,,read,,,,1,0
34273236,Little Fires Everywhere,Celeste Ng,"Ng, Celeste",,"=""0735224293""","=""9780735224292""",0,4.08,Penguin Press,Hardcover,338,2017,2017,,2017/12/17,,,read,,,,1,0
33630116,Madness,Zac Brewer,"Brewer, Zac",Z Brewer,"=""0062457853""","=""9780062457851""",0,3.71,HarperTeen,Hardcover,304,2017,2017,,2017/12/17,,,read,,,,1,0
32283133,"Origin (Robert Langdon, #5)",Dan Brown,"Brown, Dan",,"=""0385514239""","=""9780385514231""",0,3.89,Doubleday,Hardcover,461,2017,2017,,2017/12/17,,,read,,,,1,0
12687461,"Locked On (Jack Ryan Jr, #3; Jack Ryan Universe, #14)",Tom Clancy,"Clancy, Tom",Mark Greaney,"=""039915731X""","=""9780399157318""",0,4.09,G.P. Putnam's Sons,Hardcover,853,2011,2011,,2017/12/17,,,read,,,,1,0
10592,Carrie,Stephen King,"King, Stephen",,"=""1416524304""","=""9781416524304""",0,3.98,Pocket,Mass Market Paperback,272,2005,1974,,2017/12/17,,,read,,,,1,0
30256248,By Your Side,Kasie West,"West, Kasie",,"=""0062455869""","=""9780062455864""",0,3.86,HarperTeen,Paperback,346,2017,2017,,2017/11/08,,,read,,,,1,0
18254,Oliver Twist,Charles Dickens,"Dickens, Charles",Philip Horne,"=""""","=""""",0,3.88,Penguin Books,Paperback,608,2003,1838,,2017/11/08,,,read,,,,1,0
22060619,Enter Title Here,Rahul Kanakia,"Kanakia, Rahul",,"=""1484723872""","=""9781484723876""",0,3.44,Disney-Hyperion,Hardcover,343,2016,2016,,2017/11/01,,,read,,,,1,0
32075671,"The Hate U Give (The Hate U Give, #1)",Angie Thomas,"Thomas, Angie",,"=""""","=""""",0,4.48,Balzer + Bray,Hardcover,454,2017,2017,,2017/10/31,,,read,,,,1,0
35504431,Turtles All the Way Down,John Green,"Green, John",,"=""0525555366""","=""9780525555360""",5,3.89,Dutton Books for Young Readers,Hardcover,290,2017,2017,,2017/10/24,,,read,,,,1,0
30256109,American Street,Ibi Zoboi,"Zoboi, Ibi",,"=""0062473042""","=""9780062473042""",0,4.00,Balzer + Bray,Hardcover,336,2017,2017,,2017/10/06,,,read,,,,1,0
1052,The Richest Man in Babylon,George S. Clason,"Clason, George S.",,"=""0451205367""","=""9780451205360""",0,4.25,Berkley Books,Paperback,194,2002,1926,,2017/10/06,,,read,,,,1,0
23015872,"Traffick (Tricks, #2)",Ellen Hopkins,"Hopkins, Ellen",,"=""""","=""""",0,4.28, Margaret K. McElderry Books,Hardcover,505,2015,2015,,2017/10/06,,,read,,,,1,0
5510384,"Tricks (Tricks, #1)",Ellen Hopkins,"Hopkins, Ellen",,"=""1416950079""","=""9781416950073""",0,4.28,Margaret K. McElderry Books,Hardcover,627,2009,2009,,2017/10/06,,,read,,,,1,0
270807,"Burned (Burned, #1)",Ellen Hopkins,"Hopkins, Ellen",,"=""1416903542""","=""9781416903543""",0,4.25,Margaret K. McElderry Books,Hardcover,544,2006,2006,2017/09/08,2017/09/07,,,read,,,,1,0
3590,"The Adventures of Sherlock Holmes (Sherlock Holmes, #3)",Arthur Conan Doyle,"Doyle, Arthur Conan",,"=""""","=""""",0,4.30,Oxford University Press,Paperback,389,1998,1892,,2017/04/20,,,read,,,,1,0
18126198,"Four: A Divergent Story Collection (Divergent, #0.1-0.4)",Veronica Roth,"Roth, Veronica",,"=""0062285688""","=""9780062285683""",0,3.96,Katherine Tegen Books,Paperback,285,2014,2014,,2017/09/06,,,read,,,,1,0
18080922,"Four: The Son (Divergent, #0.3)",Veronica Roth,"Roth, Veronica",,"=""0062285661""","=""9780062285669""",0,4.07,Katherine Tegen Books,Kindle Edition,65,2014,2014,,2017/09/06,,,read,,,,1,0
18080923,"The Traitor (Divergent, #0.4)",Veronica Roth,"Roth, Veronica",,"=""006228567X""","=""9780062285676""",0,4.14,Katherine Tegen Books,Unknown Binding,48,2014,2014,,2017/09/06,,,read,,,,1,0
18080921,"Four: The Initiate (Divergent, #0.2)",Veronica Roth,"Roth, Veronica",,"=""0062285653""","=""9780062285652""",0,4.16,Katherine Tegen Books,Unknown Binding,30,2014,2014,,2017/09/06,,,read,,,,1,0
18080920,"The Transfer (Divergent, #0.1)",Veronica Roth,"Roth, Veronica",,"=""0062285637""","=""9780062285638""",0,4.16,Katherine Tegen Books,ebook,55,2013,2013,,2017/09/06,,,read,,,,1,0
13615258,"Free Four: Tobias Tells the Divergent Knife-Throwing Scene (Divergent, #1.5)",Veronica Roth,"Roth, Veronica",,"=""006223742X""","=""9780062237422""",0,4.13,Katherine Tegen Books ,ebook,43,2012,2012,,2017/09/06,,,read,,,,1,0
1812457,The Shack,William Paul Young,"Young, William Paul",,"=""0964729237""","=""9780964729230""",0,3.82,Windblown Media,Paperback,248,2007,2007,2017/09/06,2017/03/08,,,read,,,,1,0
22692740,Symptoms of Being Human,Jeff Garvin,"Garvin, Jeff",,"=""0062382861""","=""9780062382863""",3,4.12,Balzer + Bray,Hardcover,335,2016,2016,,2017/09/06,,,read,,,,1,0
26117336,"I See London, I See France (I See London, I See France, #1)",Sarah Mlynowski,"Mlynowski, Sarah",,"=""0062397079""","=""9780062397072""",4,3.61,HarperTeen,Hardcover,378,2017,2017,,2017/09/06,,,read,,,,1,0
2657,To Kill a Mockingbird,Harper Lee,"Lee, Harper",,"=""""","=""""",0,4.26,Harper Perennial Modern Classics ,Paperback,323,2006,1960,,2017/08/26,,,read,,,,1,0
15197,Maus II: A Survivor's Tale: And Here My Troubles Began,Art Spiegelman,"Spiegelman, Art",,"=""0679729771""","=""9780679729778""",0,4.41,Pantheon,Paperback,144,1992,1991,2017/08/11,2017/08/11,,,read,,,,1,0
15195,The Complete Maus,Art Spiegelman,"Spiegelman, Art",,"=""0141014083""","=""9780141014081""",0,4.57,Penguin Books,Paperback,296,2003,1980,,2017/08/11,,,read,,,,1,0
15196,"Maus I: A Survivor's Tale: My Father Bleeds History (Maus, #1)",Art Spiegelman,"Spiegelman, Art",,"=""0394541553""","=""9780394541556""",0,4.38,Pantheon Books,Hardcover,159,1991,1986,,2017/08/11,,,read,,,,1,0
991197,The Complete Persepolis,Marjane Satrapi,"Satrapi, Marjane",,"=""0375714839""","=""9780375714832""",0,4.39,Pantheon Books,Paperback,341,2007,2003,,2017/08/11,,,read,,,,1,0
9517,"Persepolis 2: The Story of a Return (Persepolis, #2)",Marjane Satrapi,"Satrapi, Marjane",Anjali Singh,"=""0375714669""","=""9780375714665""",0,4.21,Pantheon,Paperback,187,2005,2003,2017/08/11,2017/08/03,,,read,,,,1,0
11870085,The Fault in Our Stars,John Green,"Green, John",,"=""""","=""""",0,4.14,Dutton Books,Hardcover,313,2012,2012,,2017/08/10,,,read,,,,1,0
1217100,Thirteen Reasons Why,Jay Asher,"Asher, Jay",,"=""1595141715""","=""9781595141712""",0,3.85,Razorbill,Hardcover,288,2007,2007,,2017/08/10,,,read,,,,1,0
9516,"Persepolis: The Story of a Childhood (Persepolis, #1)",Marjane Satrapi,"Satrapi, Marjane",Mattias Ripa,"=""037571457X""","=""9780375714573""",0,4.26,Pantheon,Paperback,153,2004,2003,,2017/08/03,,,read,,,,1,0
26198173,The Blood Between Us,Zac Brewer,"Brewer, Zac",Z Brewer,"=""0062307932""","=""9780062307934""",5,3.21,HarperTeen,ebook,304,2016,2016,,2017/07/06,,,read,,,,1,0
25812109,The Female of the Species,Mindy McGinnis,"McGinnis, Mindy",,"=""""","=""""",5,4.15,Katherine Tegen Books,Paperback,368,2016,2016,,2017/07/06,,,read,,,,1,0
37347,"If I Have a Wicked Stepmother, Where's My Prince?",Melissa Kantor,"Kantor, Melissa",,"=""0786809604""","=""9780786809608""",3,3.66,Hyperion Book CH,Hardcover,283,2005,2005,,2017/07/06,,,read,,,,1,0
15745753,Eleanor & Park,Rainbow Rowell,"Rowell, Rainbow",,"=""1250012570""","=""9781250012579""",3,3.95,St. Martin's Press,Hardcover,328,2013,2012,,2017/06/07,,,read,,,,1,0
33724,Can You Keep a Secret?,Sophie Kinsella,"Kinsella, Sophie",,"=""0440241901""","=""9780440241904""",2,3.84,Dell,Mass Market Paperback,374,2005,2003,,2017/06/03,,,read,,,,1,0
30821598,My Not So Perfect Life,Sophie Kinsella,"Kinsella, Sophie",,"=""0593074793""","=""9780593074794""",5,3.81,RANDOM HOUSE UK,Paperback,448,2017,2017,,2017/05/16,,,read,,,,1,0
23305614,Finding Audrey,Sophie Kinsella,"Kinsella, Sophie",,"=""0553536516""","=""9780553536515""",5,3.75,Delacorte Books for Young Readers,Hardcover,286,2015,2015,,2017/05/09,,,read,,,,1,0
2743,The Lost Boy (Dave Pelzer #2),Dave Pelzer,"Pelzer, Dave",,"=""1558745157""","=""9781558745155""",0,4.11,Health Communications,Paperback,331,1997,1997,,2017/02/18,,,read,,,,1,0
60748,"A Child Called ""It"" (Dave Pelzer, #1)",Dave Pelzer,"Pelzer, Dave",,"=""""","=""""",4,4.12,Health Communications Inc,Paperback,184,1995,1995,,2017/02/12,,,read,,,,2,0
22557272,The Girl on the Train,Paula Hawkins,"Hawkins, Paula",,"=""1594633665""","=""9781594633669""",1,3.96,Riverhead Books,Hardcover,336,2015,2015,2017/02/08,2017/02/08,,,read,,,,3,0
608474,"The Sign of Four (Sherlock Holmes, #2)",Arthur Conan Doyle,"Doyle, Arthur Conan",Peter Ackroyd,"=""""","=""""",0,3.90,Penguin Books,Paperback,129,2001,1890,2017/02/02,2017/02/02,,,read,,,,1,0
102868,"A Study in Scarlet (Sherlock Holmes, #1)",Arthur Conan Doyle,"Doyle, Arthur Conan",,"=""1420925539""","=""9781420925531""",5,4.14,Digireads.com,Paperback,123,2005,1887,,2017/01/28,,,read,,,,1,0
20602816,Born into the Children of God,Natacha Tormey,"Tormey, Natacha",,"=""000756032X""","=""9780007560325""",0,3.84,HarperElement,Paperback,320,2014,2014,2017/01/21,2017/01/20,,,read,,,,1,0
1474118,Fasting: The Key to Releasing God's Power in Your Life,Derek Prince,"Prince, Derek",,"=""0883682583""","=""9780883682586""",5,4.43,Whitaker House,Mass Market Paperback,60,1993,1976,,2017/01/17,,,read,,,,1,0
6567017,"Will Grayson, Will Grayson",John Green,"Green, John",David Levithan,"=""0525421580""","=""9780525421580""",3,3.71,Dutton Books,Hardcover,320,2010,2010,,2017/01/16,,,read,,,,1,0
8520610,Quiet: The Power of Introverts in a World That Can't Stop Talking,Susan Cain,"Cain, Susan",,"=""0307352145""","=""9780307352149""",4,4.08,"Crown Publishing Group/Random House, Inc.",Hardcover,333,2012,2012,,2017/01/08,,,read,,,,1,0
99561,Looking for Alaska,John Green,"Green, John",,"=""""","=""9781435249158""",5,3.97,Speak,Paperback,221,2006,2005,,2017/01/08,,,read,,,,1,0
6442769,Paper Towns,John Green,"Green, John",Gázsity Mila,"=""014241493X""","=""9780142414934""",4,3.72,Speak,Paperback,305,2009,2008,,2016/07/17,,,read,,,,1,0
968,"The Da Vinci Code (Robert Langdon, #2)",Dan Brown,"Brown, Dan",,"=""""","=""""",0,3.91,Anchor,Paperback,489,2006,2003,,2017/01/08,,,read,,,,1,0
960,"Angels & Demons (Robert Langdon, #1)",Dan Brown,"Brown, Dan",,"=""1416524797""","=""9781416524793""",0,3.94,Pocket Books,Mass Market Paperback,736,2006,2000,,2017/01/08,,,read,,,,1,0
9627755,"Isla and the Happily Ever After (Anna and the French Kiss, #3)",Stephanie Perkins,"Perkins, Stephanie",,"=""0525425632""","=""9780525425632""",2,4.00,Dutton,Hardcover,339,2014,2014,2016/07/03,2015/10/18,,,read,,,,1,0
4268157,"Perfect Chemistry (Perfect Chemistry, #1)",Simone Elkeles,"Elkeles, Simone",,"=""0802798233""","=""9780802798237""",0,4.04,Walker Childrens,Hardcover,368,2008,2008,2015/03/21,2016/07/03,,,read,,,,1,0
7137775,"Rules of Attraction (Perfect Chemistry, #2)",Simone Elkeles,"Elkeles, Simone",Hilde Stubhaug,"=""0802720854""","=""9780802720856""",0,4.18,Walker Books,Hardcover,336,2010,2010,2015/04/04,2016/07/03,,,read,,,,1,0
8662836,"Chain Reaction (Perfect Chemistry, #3)",Simone Elkeles,"Elkeles, Simone",,"=""0802720870""","=""9780802720870""",0,4.09,Bloomsbury USA Childrens,Hardcover,310,2011,2011,2015/03/21,2016/07/03,,,read,,,,1,0
6936382,"Anna and the French Kiss (Anna and the French Kiss, #1)",Stephanie Perkins,"Perkins, Stephanie",,"=""0525423273""","=""9780525423270""",0,3.97,Dutton Juvenile,Hardcover,372,2010,2010,2015/04/08,2016/07/03,,,read,,,,1,0
9961796,"Lola and the Boy Next Door (Anna and the French Kiss, #2)",Stephanie Perkins,"Perkins, Stephanie",,"=""""","=""""",0,3.91,Dutton Books,Hardcover,338,2011,2011,2015/04/28,2016/07/03,,,read,,,,1,0
20803953,"Bully (Fall Away, #1)",Penelope Douglas,"Douglas, Penelope",,"=""""","=""""",0,3.89,Intermix (Penguin Group (USA) LLC),ebook,333,2014,2013,2015/04/04,2016/07/03,,,read,,,,1,0
16056408,"Easy (Contours of the Heart, #1)",Tammara Webber,"Webber, Tammara",,"=""0425266745""","=""9780425266748""",4,4.08,Penguin Berkley,Paperback,336,2012,2012,2015/01/01,2016/07/03,,,read,,,,1,0
3,"Harry Potter and the Sorcerer's Stone (Harry Potter, #1)",J.K. Rowling,"Rowling, J.K.",,"=""""","=""""",0,4.47,Scholastic Inc,Hardcover,309,2003,1997,,2016/10/31,,,read,,,,1,0
22628,The Perks of Being a Wallflower,Stephen Chbosky,"Chbosky, Stephen",,"=""""","=""""",0,4.23,MTV Books/Pocket Books,Paperback,213,1999,1999,2016/10/31,2016/10/31,,,read,,,,1,0
10947600,Saving June,Hannah Harrington,"Harrington, Hannah",,"=""1921794097""","=""9781921794094""",0,3.96,Harlequin Teen Australia,Paperback,336,2011,2011,,2016/10/31,,,read,,,,1,0
11735983,"Insurgent (Divergent, #2)",Veronica Roth,"Roth, Veronica",,"=""0007442912""","=""9780007442911""",0,3.98,HarperCollins Children's Books,Hardcover,525,2012,2012,2016/01/01,2016/07/03,,,read,,,,1,0
10331607,"Turned (The Vampire Journals, #1)",Morgan Rice,"Rice, Morgan",,"=""""","=""9780982953723""",1,3.37,,Paperback,150,2011,2011,2016/01/01,2016/07/03,,,read,,,,1,0
13335037,"Divergent (Divergent, #1)",Veronica Roth,"Roth, Veronica",,"=""0062024035""","=""9780062024039""",0,4.15,Katherine Tegen Books,Paperback,487,2012,2011,2016/01/01,2016/07/03,,,read,,,,1,0
6339664,"Hush, Hush (Hush, Hush, #1)",Becca Fitzpatrick,"Fitzpatrick, Becca",,"=""1416989412""","=""9781416989417""",0,3.93,Simon & Schuster,Hardcover,391,2009,2009,2016/01/01,2016/09/13,,,read,,,,1,0
41865,"Twilight (The Twilight Saga, #1)",Stephenie Meyer,"Meyer, Stephenie",,"=""0316015849""","=""9780316015844""",0,3.65,"Little, Brown and Company",Paperback,498,2006,2005,2016/01/01,2016/07/03,,,read,,,,1,0
49041,"New Moon (The Twilight Saga, #2)",Stephenie Meyer,"Meyer, Stephenie",Sylke Hachmeister,"=""""","=""""",0,3.59,"Little, Brown and Company",Hardcover,563,2006,2006,2016/01/01,2016/07/03,,,read,,,,1,0
1162543,"Breaking Dawn (The Twilight Saga, #4)",Stephenie Meyer,"Meyer, Stephenie",,"=""031606792X""","=""9780316067928""",0,3.73,"Little, Brown and Company",Hardcover,756,2008,2008,2016/01/01,2016/07/03,,,read,,,,1,0
2767052,"The Hunger Games (The Hunger Games, #1)",Suzanne Collins,"Collins, Suzanne",,"=""0439023483""","=""9780439023481""",0,4.33,Scholastic Press,Hardcover,374,2008,2008,2016/01/01,2016/09/13,,,read,,,,1,0
428263,"Eclipse (The Twilight Saga, #3)",Stephenie Meyer,"Meyer, Stephenie",,"=""0316160202""","=""9780316160209""",0,3.72,"Little, Brown and Company",Hardcover,629,2007,2007,2016/01/01,2016/07/03,,,read,,,,1,0
25802615,Unashamed,Lecrae Moore,"Moore, Lecrae",,"=""143368912X""","=""9781433689123""",5,4.40,B&H Books,Hardcover,256,2016,2016,2016/09/13,2016/09/13,,,read,,,,1,0
18710190,"Allegiant (Divergent, #3)",Veronica Roth,"Roth, Veronica",,"=""0007524277""","=""9780007524273""",0,3.60,HarperCollins Children's Book's,Hardcover,531,2013,2013,2016/09/13,2016/07/03,,,read,,,,1,0
727078,"Shadowmancer (Shadowmancer, #1)",G.P. Taylor,"Taylor, G.P.",,"=""0142403415""","=""9780142403419""",0,2.82,Puffin Books,Paperback,288,2005,2002,2016/07/31,2016/07/17,,,read,,,,1,0
